Name,Area
Redes con THM,
Hacking Tools,
Nmap con THM,
Bash Scripting,Linux
Variables de entorno,Linux
Instalacion de Arch,Linux
Pipes,Linux
"Estudio LPIC-1 ",Linux
Comandos y datos importantes que no conocía,Linux
Permisos en Linux,Linux
Expresiones regulares (Por Antonio Sarosi),Linux
Expresiones (Por Mi),Linux
Repo con Labs resueltos,Hacking Basics
OSINT,Hacking Basics
Google Dorks,Hacking Basics
DoS,Hacking Basics
Estudio Certs,Hacking Basics
"Web scanning tools ",Hacking Basics
Escalado basico de privilegios en Windows,Windows Hacking
Herramientas Hacking,Hacking Basics
Maquina Meow,HTB
Bandit Server,OTW
Hacking BIOS y UEFI,Hacking Basics
Hacking RAM,Hacking Basics
"Ataques DMA ",Windows Hacking
"Ataque con Sticky Keys ",Windows Hacking
"Modificar SAM ",Windows Hacking
"Payloads en Powershell ",Windows Hacking
Comandos basicos Docker,Docker
Material Docker,Docker
Vulnerability assestment,
Redes,
Infraestructura y Seguridad,
Ciberseguridad,
Tecnologias,